J-Date,فملی,شپنا,فارس,صبا,دعبید,هم وزن
1405-02-29,10056,4626.0,,3220.0,,955347.6
1405-02-30,10149,4792.0,,3187.0,8390.0,968595.4
1405-03-02,10448,4922.0,,3222.0,8640.0,999325.3
1405-03-03,10755,5061.0,,3318.0,8890.0,1032158.3
1405-03-04,11076,5209.0,,3417.0,9150.0,1055162.7
1405-03-05,11404,5357.0,,3519.0,9420.0,1073489.8
1405-03-09,11739,5514.0,,3591.0,9700.0,1101286.4
1405-03-10,12089,5671.0,,3698.0,9990.0,1131968.9
1405-03-11,12446,5838.0,,3808.0,10280.0,1150537.0
1405-03-12,12816,6004.0,,3847.0,10580.0,1160907.0
1405-03-13,13194,6180.0,,3780.0,10890.0,1162299.1
1405-03-16,13580,6365.0,,3894.0,11210.0,1173375.7
1405-03-17,13843,6550.0,,3996.0,11540.0,1203753.6
1405-03-18,13430,6384.0,,3877.0,11880.0,1188078.8
1405-03-19,13872,6726.0,,3993.0,12080.0,1217818.4
1405-03-20,14286,6920.0,,4112.0,12440.0,1235263.3
1405-03-23,14714,7124.0,,4201.0,12810.0,1266190.5
1405-03-24,15149,7337.0,,4326.0,,1299780.5
1405-03-25,15598,7550.0,,4455.0,13190.0,1336964.3
1405-03-26,16062,7772.0,8875.0,4588.0,13580.0,1351896.7
1405-03-27,16532,8003.0,9082.0,4725.0,13980.0,1352221.9
1405-03-30,15962,8234.0,9318.0,4750.0,14390.0,1353008.3
1405-03-31,15741,8475.0,9593.0,4675.0,14820.0,1342018.4
1405-04-01,15277,8688.0,9792.0,4656.0,14770.0,1325225.1
1405-04-02,15463,8928.0,10075.0,4693.0,15210.0,1337479.4
1405-04-06,14992,9187.0,10273.0,4825.0,15660.0,1337535.8
1405-04-07,14578,9446.0,10052.0,4684.0,15750.0,1317231.7
1405-04-08,14728,9705.0,9845.0,4825.0,15800.0,1319316.3
1405-04-09,14835,9983.0,9593.0,4947.0,16270.0,1341689.7
1405-04-10,14856,,9838.0,5089.0,16750.0,1361340.8
1405-04-16,15313,10279.0,10052.0,5230.0,17250.0,1389677.0
1405-04-17,14806,9992.0,9754.0,5089.0,17090.0,1384250.1
1405-04-20,14585,10131.0,9502.0,5192.0,17770.0,1365844.5
1405-04-21,14150,9826.0,9219.0,5004.0,17880.0,1338331.4
1405-04-22,14143,9585.0,8944.0,4910.0,18260.0,1326682.1
1405-04-23,14250,9261.0,8677.0,4835.0,18750.0,1323516.7
1405-04-24,14122,9326.0,8417.0,4844.0,19180.0,1326143.9
1405-04-27,13772,9132.0,8165.0,4731.0,19340.0,1302253.3
1405-04-28,14179,9400.0,7921.0,4656.0,19360.0,1301069.6
1405-04-29,14600,,7997.0,4722.0,19940.0,1320213.4
1405-05-10,15030,10310.0,,5098.0,18340.0,1439520.0
1405-05-11,15300,10610.0,,5324.0,18590.0,1461308.1
1405-05-12,15750,10920.0,,5465.0,18590.0,1497818.9
1405-05-14,16220,11240.0,,5625.0,18720.0,1534561.3
1405-05-17,16700,11570.0,,5785.0,19300.0,1573596.5
1405-05-18,17200,11230.0,,5945.0,18660.0,1573851.8
1405-05-19,17710,11810.0,,6114.0,18250.0,1587176.0
1405-05-20,18240,11830.0,,6283.0,17750.0,1604844.3
1405-05-24,18770,11470.0,,6095.0,18300.0,1606440.5
1405-05-25,19070,11370.0,,6358.0,18260.0,1628063.9
1405-05-26,19280,11580.0,,6518.0,18800.0,1664588.0
1405-05-27,18800,11210.0,8875.0,6584.0,19360.0,1673712.3
1405-05-28,18530,11550.0,8846.0,6754.0,19940.0,1686905.8
1405-05-31,19250,11300.0,9152.0,6575.0,20530.0,1717660.4
1405-06-01,18640,11140.0,9419.0,6490.0,21140.0,1730277.0
1405-06-02,18830,11570.0,9696.0,6321.0,21100.0,1740077.1
1405-06-03,19480,11850.0,9972.0,6518.0,20940.0,1765135.8
1405-06-04,19950,12200.0,10249.0,6669.0,21490.0,1802773.4
1405-06-07,20540,12560.0,10554.0,6857.0,22060.0,1827956.0
1405-06-09,21150,12930.0,10869.0,6791.0,21470.0,1821767.4
1405-06-10,21410,12510.0,10784.0,6612.0,20950.0,1825439.5
1405-06-11,22160,12610.0,,6575.0,20770.0,1798756.4
1405-06-14,22530,12940.0,,6763.0,21390.0,1821890.9
1405-06-15,23200,13280.0,11413.0,6866.0,21850.0,1854449.7
1405-06-16,23890,13540.0,11747.0,7064.0,22500.0,1902453.8
1405-06-17,24600,13940.0,12091.0,7271.0,23170.0,1936642.7
1405-06-18,25330,13910.0,11786.0,7487.0,23860.0,1942311.6
1405-06-21,26080,14330.0,12215.0,7704.0,24570.0,1972585.6
1405-06-22,26720,14270.0,12530.0,7929.0,25100.0,2002661.0
1405-06-23,26380,14070.0,12578.0,8165.0,24800.0,1994145.3
1405-06-24,27180,14060.0,,8371.0,24970.0,2017495.5
1405-06-25,27410,13750.0,,8616.0,24690.0,2016180.6
1405-06-28,26240,13450.0,,8870.0,24120.0,1986769.8
1405-06-29,25530,13070.0,12510.0,8973.0,23460.0,1946359.2
1405-06-30,25100,12750.0,12850.0,,23950.0,1936932.4
1405-06-31,24160,12380.0,12440.0,,24460.0,1922313.4
1405-07-01,25030,12770.0,12100.0,,25190.0,1939020.3
1405-07-04,24780,12440.0,11790.0,,25940.0,1929688.8
1405-07-05,25290,12740.0,12130.0,9840.0,26710.0,1961123.6
1405-07-06,25840,13080.0,12270.0,9990.0,27510.0,2005169.1
1405-07-07,26600,13300.0,12610.0,10270.0,28330.0,2030149.4
1405-07-08,27390,13720.0,12980.0,10530.0,29170.0,2066687.0
1405-07-11,28210,,12880.0,10790.0,30040.0,2068722.3
1405-07-12,28310,,12750.0,10400.0,29300.0,2063186.9
